{
	"image": {
		"Title": "A rare cloud-free view of Ireland, Great Britain and northern France",
		"Source": "ESA",
		"Source Link": "https://www.esa.int/ESA_Multimedia/Copyright_Notice_Images",
		"Link": "https://www.esa.int/ESA_Multimedia/Images/2013/01/A_rare_cloud-free_view_of_Ireland_Great_Britain_and_northern_France",
		"File": "A_rare_cloud-free_view_of_Ireland_Great_Britain_and_northern_France.jpg",
		"Download Date": "04/02/2020",
		"Credits:": "ESA - European Space Agency, CC BY-SA 3.0 IGO"

	}
}